Offset,Baro-Corrected Altitude (ft),Pressure Altitude (ft),Stab Pos -A/P FCC L (Deg),Stab Pos -A/P FCC C (Deg),Stab Pos -A/P FCC R (Deg),Stab Pos R/C Disagree (Deg),Stab Pos L/C Disagree (Deg),Stab Pos L/R Disagree (Deg),ENG N1-ACTUAL - LEFT (%RPM),ENG N1-ACTUAL - RIGHT (%RPM)
0,894.74493087931592,867,0.0878906175494194,,,,0.0439453087747097,0.1318359300494194,0,1.125
1,895.74493087931592,868,,,0.21972654759883881,0.17578123882412911,,0.1318359300494194,0,1.375
2,895.74493087931592,868,,,,,,,0,1.625
3,895.74493087931592,868,,0.0439453087747097,,0.17578123882412911,0.0439453087747097,,0,1.875
4,895.74493087931592,868,0.0878906175494194,,,,0.0439453087747097,0.1318359300494194,0,2.125
5,894.74493087931592,867,,,0.21972654759883881,0.17578123882412911,,0.1318359300494194,0,2.375
6,894.74493087931592,867,,,,,,,0,2.625
7,894.74493087931592,867,,0.0439453087747097,,0.17578123882412911,0.0439453087747097,,0,2.875
8,894.74493087931592,867,0.0878906175494194,,,,0.0439453087747097,0.1318359300494194,0,3.125
9,895.74493087931592,868,,,0.21972654759883881,0.17578123882412911,,0.1318359300494194,0,3.375
10,894.74493087931592,867,,,,,,,0,3.5
11,894.74493087931592,867,,0.0439453087747097,,0.17578123882412911,0.0439453087747097,,0,3.75
12,895.74493087931592,868,0.0878906175494194,,,,0.0439453087747097,0.1318359300494194,0,3.875
13,894.74493087931592,867,,,0.21972654759883881,0.17578123882412911,,0.1318359300494194,0,4.125
14,894.74493087931592,867,,,,,,,0,4.375
15,895.74493087931592,868,,0.0439453087747097,,0.17578123882412911,0.0439453087747097,,0,4.375
16,894.74493087931592,867,0.0878906175494194,,,,0.0439453087747097,0.1318359300494194,0,4.625
17,894.74493087931592,867,,,0.21972654759883881,0.17578123882412911,,0.1318359300494194,0,4.75
18,894.74493087931592,867,,,,,,,0,5.125
19,894.74493087931592,867,,0.0439453087747097,,0.17578123882412911,0.0439453087747097,,0,5.625
20,895.74493087931592,868,0.0878906175494194,,,,0.0439453087747097,0.1318359300494194,0,6.125
21,894.74493087931592,867,,,0.21972654759883881,0.17578123882412911,,0.1318359300494194,0,6.75
22,894.74493087931592,867,,,,,,,0,7.375
23,895.74493087931592,868,,0.0439453087747097,,0.15380858257412911,0.0439453087747097,,0,8
24,895.74493087931592,868,0.0878906175494194,,,,0.0439453087747097,0.0988769456744194,0,8.75
25,894.74493087931592,867,,,0.17578123509883881,0.13183592632412911,,0.0878906175494194,0,9.375
26,895.74493087931592,868,,,,,,,0,10
27,894.74493087931592,867,,0.0439453087747097,,0.15380858257412911,0.0439453087747097,,0,10.875
28,895.74493087931592,868,0.0878906175494194,,,,0.0439453087747097,0.1208496019244194,0,11.625
29,894.74493087931592,867,,,0.21972654759883881,0.17578123882412911,,0.1318359300494194,0,12.75
30,895.74493087931592,868,,,,,,,0,13.875
31,894.74493087931592,867,,0.0439453087747097,,0.17578123882412911,0.0439453087747097,,0,15.5
32,895.74493087931592,868,0.0878906175494194,,,,0.0439453087747097,0.1318359300494194,0,17.375
33,894.74493087931592,867,,,0.21972654759883881,0.17578123882412911,,0.1318359300494194,0,19.375
34,895.74493087931592,868,,,,,,,0,21.375
35,895.74493087931592,868,,0.0439453087747097,,0.17578123882412911,0.0439453087747097,,0,23.5
36,895.74493087931592,868,0.0878906175494194,,,,0.0439453087747097,0.1318359300494194,0,25
37,894.74493087931592,867,,,0.21972654759883881,0.17578123882412911,,0.1318359300494194,0,25.625
38,895.74493087931592,868,,,,,,,0,25.75
39,895.74493087931592,868,,0.0439453087747097,,0.17578123882412911,0.0439453087747097,,0,25.75
40,894.74493087931592,867,0.0878906175494194,,,,0.0439453087747097,0.1318359300494194,0,25.625
41,895.74493087931592,868,,,0.21972654759883881,0.17578123882412911,,0.1318359300494194,0,25.625
42,895.74493087931592,868,,,,,,,0,25.625
43,894.74493087931592,867,,0.0439453087747097,,0.17578123882412911,0.0439453087747097,,0,25.625
44,895.74493087931592,868,0.0878906175494194,,,,0.0439453087747097,0.1318359300494194,0,25.75
45,894.74493087931592,867,,,0.21972654759883881,0.17578123882412911,,0.1318359300494194,0,25.75
46,894.74493087931592,867,,,,,,,0,25.75
47,894.74493087931592,867,,0.0439453087747097,,0.17578123882412911,0.0439453087747097,,0,25.75
48,894.74493087931592,867,0.0878906175494194,,,,0.0439453087747097,0.1318359300494194,0,25.75
49,894.74493087931592,867,,,0.21972654759883881,0.17578123882412911,,0.1318359300494194,0,25.75
50,895.74493087931592,868,,,,,,,0,25.75
51,895.74493087931592,868,,0.0439453087747097,,0.17578123882412911,0.0439453087747097,,0,25.75
52,895.74493087931592,868,0.0878906175494194,,,,0.0439453087747097,0.1318359300494194,0,25.75
53,894.74493087931592,867,,,0.21972654759883881,0.17578123882412911,,0.1318359300494194,0,25.625
54,894.74493087931592,867,,,,,,,0,25.625
55,894.74493087931592,867,,0.0439453087747097,,0.17578123882412911,0.0439453087747097,,0,25.625
56,895.74493087931592,868,0.0878906175494194,,,,0.0439453087747097,0.1318359300494194,0,25.625
57,895.74493087931592,868,,,0.21972654759883881,0.17578123882412911,,0.1318359300494194,0,25.625
58,894.74493087931592,867,,,,,,,0,25.75
59,894.74493087931592,867,,0.0439453087747097,,0.17578123882412911,0.0439453087747097,,0,25.75
60,894.74493087931592,867,0.0878906175494194,,,,0.0439453087747097,0.1318359300494194,0.875,25.75
61,894.74493087931592,867,,,0.21972654759883881,0.17578123882412911,,0.1318359300494194,1.125,25.875
62,894.74493087931592,867,,,,,,,1.375,26
63,895.74493087931592,868,,0.0439453087747097,,0.17578123882412911,0.0439453087747097,,1.75,26
64,894.74493087931592,867,0.0878906175494194,,,,0.0439453087747097,0.1318359300494194,1.875,26.125
65,895.74493087931592,868,,,0.21972654759883881,0.17578123882412911,,0.1318359300494194,2.25,26.125
66,895.74493087931592,868,,,,,,,2.5,26.125
67,894.74493087931592,867,,0.0439453087747097,,0.17578123882412911,0.0439453087747097,,2.75,26.125
68,894.74493087931592,867,0.0878906175494194,,,,0.0439453087747097,0.1318359300494194,3,26.125
69,895.74493087931592,868,,,0.21972654759883881,0.17578123882412911,,0.1318359300494194,3.25,26.125
70,894.74493087931592,867,,,,,,,3.5,26.125
71,894.74493087931592,867,,0.0439453087747097,,0.17578123882412911,0.0439453087747097,,3.625,26.25
72,894.74493087931592,867,0.0878906175494194,,,,0.0439453087747097,0.1318359300494194,3.875,26.25
73,894.74493087931592,867,,,0.21972654759883881,0.17578123882412911,,0.1318359300494194,4,26.25
74,894.74493087931592,867,,,,,,,4.25,26.25
75,895.74493087931592,868,,0.0439453087747097,,0.17578123882412911,0.0439453087747097,,4.375,26.25
76,894.74493087931592,867,0.0878906175494194,,,,0.0439453087747097,0.1318359300494194,4.875,26.25
77,894.74493087931592,867,,,0.21972654759883881,0.17578123882412911,,0.1318359300494194,5.375,26.25
78,894.74493087931592,867,,,,,,,5.875,26.25
79,894.74493087931592,867,,0.0439453087747097,,0.17578123882412911,0.0439453087747097,,6.375,26.25
80,894.74493087931592,867,0.0878906175494194,,,,0.0439453087747097,0.1318359300494194,7,26.25
81,895.74493087931592,868,,,0.21972654759883881,0.17578123882412911,,0.1318359300494194,7.625,26.25
82,894.74493087931592,867,,,,,,,8.125,26.25
83,894.74493087931592,867,,0.0439453087747097,,0.17578123882412911,0.0439453087747097,,8.875,26.25
84,894.74493087931592,867,0.0878906175494194,,,,0.0439453087747097,0.1318359300494194,9.375,26.25
85,894.74493087931592,867,,,0.21972654759883881,0.17578123882412911,,0.1318359300494194,10.125,26.25
86,894.74493087931592,867,,,,,,,10.75,26.25
87,894.74493087931592,867,,0.0439453087747097,,0.17578123882412911,0.0439453087747097,,11.5,26.125
88,894.74493087931592,867,0.0878906175494194,,,,0.0439453087747097,0.1318359300494194,12.125,26.125
89,894.74493087931592,867,,,0.21972654759883881,0.17578123882412911,,0.1318359300494194,12.125,26.125
90,894.74493087931592,867,,,,,,,12.125,26.125
91,894.74493087931592,867,,0.0439453087747097,,0.17578123882412911,0.0439453087747097,,12.125,26.125
92,894.74493087931592,867,0.0878906175494194,,,,0.0439453087747097,0.1318359300494194,24.375,26.25
93,894.74493087931592,867,,,0.21972654759883881,0.17578123882412911,,0.1318359300494194,24.375,26.25
94,894.74493087931592,867,,,,,,,24.375,26.25
95,894.74493087931592,867,,0.0439453087747097,,0.17578123882412911,0.0439453087747097,,24.375,26.25
96,894.74493087931592,867,0.0878906175494194,,,,0.0439453087747097,0.1318359300494194,24.25,26.25
97,894.74493087931592,867,,,0.21972654759883881,0.17578123882412911,,0.1318359300494194,24.25,26.25
98,894.74493087931592,867,,,,,,,24.25,26.25
99,894.74493087931592,867,,0.0439453087747097,,0.17578123882412911,0.0439453087747097,,24.25,26.25
100,894.74493087931592,867,0.0878906175494194,,,,0.0439453087747097,0.1318359300494194,24.25,26.25
101,894.74493087931592,867,,,0.21972654759883881,0.17578123882412911,,0.1318359300494194,24.25,26.25
102,895.74493087931592,868,,,,,,,24.375,26.125
103,894.74493087931592,867,,0.0439453087747097,,0.17578123882412911,0.0439453087747097,,24.375,26.125
104,894.74493087931592,867,0.0878906175494194,,,,0.0439453087747097,0.1318359300494194,24.375,26.25
105,895.74493087931592,868,,,0.21972654759883881,0.17578123882412911,,0.1318359300494194,24.375,26.25
106,894.74493087931592,867,,,,,,,24.375,26.25
107,894.74493087931592,867,,0.0439453087747097,,0.17578123882412911,0.0439453087747097,,24.375,26.375
108,895.74493087931592,868,0.0878906175494194,,,,0.0439453087747097,0.1318359300494194,24.375,26.375
109,894.74493087931592,867,,,0.21972654759883881,0.17578123882412911,,0.1318359300494194,24.375,26.375
110,895.74493087931592,868,,,,,,,24.375,26.25
111,894.74493087931592,867,,0.0439453087747097,,0.17578123882412911,0.0439453087747097,,24.375,26.125
112,894.74493087931592,867,0.0878906175494194,,,,0.0439453087747097,0.1318359300494194,24.375,26.125
113,894.74493087931592,867,,,0.21972654759883881,0.17578123882412911,,0.1318359300494194,24.375,26.125
114,894.74493087931592,867,,,,,,,24.375,26.125
115,894.74493087931592,867,,0.0439453087747097,,0.17578123882412911,0.0439453087747097,,24.375,26.25
116,894.74493087931592,867,0.0878906175494194,,,,0.0439453087747097,0.1318359300494194,24.375,26.25
117,894.74493087931592,867,,,0.21972654759883881,0.17578123882412911,,0.1318359300494194,24.375,26.25
118,894.74493087931592,867,,,,,,,24.375,26.25
119,894.74493087931592,867,,0.0439453087747097,,0.17578123882412911,0.0439453087747097,,24.375,26.25
120,894.74493087931592,867,0.0878906175494194,,,,0.0439453087747097,0.1318359300494194,24.375,26.25
121,894.74493087931592,867,,,0.21972654759883881,0.17578123882412911,,0.1318359300494194,24.375,26.25
122,894.74493087931592,867,,,,,,,24.375,26.375
123,894.74493087931592,867,,0.0439453087747097,,0.17578123882412911,0.0439453087747097,,24.375,26.375
124,895.74493087931592,868,0.0878906175494194,,,,0.0439453087747097,0.1318359300494194,24.375,26.375
125,894.74493087931592,867,,,0.21972654759883881,0.17578123882412911,,0.1318359300494194,24.375,26.375
126,894.74493087931592,867,,,,,,,24.375,26.375
127,894.74493087931592,867,,0.0439453087747097,,0.17578123882412911,0.0439453087747097,,24.375,26.375
128,894.74493087931592,867,0.0878906175494194,,,,0.0439453087747097,0.1318359300494194,24.375,26.375
129,894.74493087931592,867,,,0.21972654759883881,0.17578123882412911,,0.1318359300494194,24.375,26.25
130,894.74493087931592,867,,,,,,,24.375,26.25
131,894.74493087931592,867,,0.0439453087747097,,0.17578123882412911,0.0439453087747097,,24.375,26.25
132,894.74493087931592,867,0.0878906175494194,,,,0.0439453087747097,0.1318359300494194,24.375,26.25
133,894.74493087931592,867,,,0.21972654759883881,0.17578123882412911,,0.1318359300494194,24.5,26.375
134,894.74493087931592,867,,,,,,,24.5,26.375
135,894.74493087931592,867,,0.0439453087747097,,0.17578123882412911,0.0439453087747097,,24.625,26.375
136,894.74493087931592,867,0.0878906175494194,,,,0.0439453087747097,0.1318359300494194,24.625,26.375
137,894.74493087931592,867,,,0.21972654759883881,0.17578123882412911,,0.1318359300494194,24.625,26.25
138,894.74493087931592,867,,,,,,,24.625,26.25
139,895.74493087931592,868,,0.0439453087747097,,0.17578123882412911,0.0439453087747097,,24.625,26.125
140,894.74493087931592,867,0.0878906175494194,,,,0.0439453087747097,0.1318359300494194,24.625,26.125
141,895.74493087931592,868,,,0.21972654759883881,0.17578123882412911,,0.1318359300494194,24.5,26.25
142,894.74493087931592,867,,,,,,,24.5,26.375
143,895.74493087931592,868,,0.0439453087747097,,0.17578123882412911,0.0439453087747097,,24.5,26.375
144,894.74493087931592,867,0.0878906175494194,,,,0.0439453087747097,0.1318359300494194,24.5,26.5
145,894.74493087931592,867,,,0.21972654759883881,0.17578123882412911,,0.1318359300494194,24.375,26.5
146,894.74493087931592,867,,,,,,,24.375,26.5
147,894.74493087931592,867,,0.0439453087747097,,0.17578123882412911,0.0439453087747097,,24.375,26.5
148,894.74493087931592,867,0.0878906175494194,,,,0.0439453087747097,0.1318359300494194,24.375,26.5
149,894.74493087931592,867,,,0.21972654759883881,0.17578123882412911,,0.1318359300494194,24.25,26.5
150,894.74493087931592,867,,,,,,,24.25,26.5
151,895.74493087931592,868,,0.0439453087747097,,0.17578123882412911,0.0439453087747097,,24.25,26.5
152,894.74493087931592,867,0.0878906175494194,,,,0.0439453087747097,0.1318359300494194,24.25,26.5
153,895.74493087931592,868,,,0.21972654759883881,0.17578123882412911,,0.1318359300494194,24.25,26.5
154,894.74493087931592,867,,,,,,,24.25,26.5
155,894.74493087931592,867,,0.0439453087747097,,0.17578123882412911,0.0439453087747097,,24.25,26.5
156,894.74493087931592,867,0.0878906175494194,,,,0.0439453087747097,0.1318359300494194,24.25,26.375
157,894.74493087931592,867,,,0.21972654759883881,0.17578123882412911,,0.1318359300494194,24.25,26.375
158,894.74493087931592,867,,,,,,,24.25,26.375
159,894.74493087931592,867,,0.0439453087747097,,0.17578123882412911,0.0439453087747097,,24.25,26.375
160,894.74493087931592,867,0.0878906175494194,,,,0.0439453087747097,0.1318359300494194,24.25,26.5
161,894.74493087931592,867,,,0.21972654759883881,0.17578123882412911,,0.1318359300494194,24.25,26.5
162,894.74493087931592,867,,,,,,,24.375,26.5
163,894.74493087931592,867,,0.0439453087747097,,0.17578123882412911,0.0439453087747097,,24.375,26.5
164,894.74493087931592,867,0.0878906175494194,,,,0.0439453087747097,0.1318359300494194,24.375,26.5
165,894.74493087931592,867,,,0.21972654759883881,0.17578123882412911,,0.1318359300494194,24.375,26.375
166,895.74493087931592,868,,,,,,,24.375,26.375
167,894.74493087931592,867,,0.0439453087747097,,0.17578123882412911,0.0439453087747097,,24.375,26.375
168,894.74493087931592,867,0.0878906175494194,,,,0.0439453087747097,0.1318359300494194,24.375,26.375
169,895.74493087931592,868,,,0.21972654759883881,0.17578123882412911,,0.1318359300494194,24.375,26.375
170,894.74493087931592,867,,,,,,,24.5,26.375
171,894.74493087931592,867,,0.0439453087747097,,0.17578123882412911,0.0439453087747097,,24.5,26.375
172,893.74493087931592,866,0.0878906175494194,,,,0.0439453087747097,0.1318359300494194,24.5,26.375
173,894.74493087931592,867,,,0.21972654759883881,0.17578123882412911,,0.1318359300494194,24.5,26.375
174,894.74493087931592,867,,,,,,,24.5,26.375
175,895.74493087931592,868,,0.0439453087747097,,0.17578123882412911,0.0439453087747097,,24.625,26.375
176,894.74493087931592,867,0.0878906175494194,,,,0.0439453087747097,0.1318359300494194,24.625,26.375
177,894.74493087931592,867,,,0.21972654759883881,0.17578123882412911,,0.1318359300494194,24.5,26.5
178,894.74493087931592,867,,,,,,,24.5,26.5
179,894.74493087931592,867,,0.0439453087747097,,0.17578123882412911,0.0439453087747097,,24.375,26.5
180,895.74493087931592,868,0.0878906175494194,,,,0.0439453087747097,0.1318359300494194,24.375,26.5
181,894.74493087931592,867,,,0.21972654759883881,0.17578123882412911,,0.1318359300494194,24.375,26.5
182,894.74493087931592,867,,,,,,,24.375,26.5
183,894.74493087931592,867,,0.0439453087747097,,0.17578123882412911,0.0439453087747097,,24.375,26.625
184,894.74493087931592,867,0.0878906175494194,,,,0.0439453087747097,0.1318359300494194,24.375,26.625
185,894.74493087931592,867,,,0.21972654759883881,0.17578123882412911,,0.1318359300494194,24.375,26.625
186,894.74493087931592,867,,,,,,,24.375,26.625
187,894.74493087931592,867,,0.0439453087747097,,0.17578123882412911,0.0439453087747097,,24.375,26.5
188,894.74493087931592,867,0.0878906175494194,,,,0.0439453087747097,0.1318359300494194,24.375,26.5
189,894.74493087931592,867,,,0.21972654759883881,0.17578123882412911,,0.1318359300494194,24.375,26.5
190,894.74493087931592,867,,,,,,,24.375,26.5
191,894.74493087931592,867,,0.0439453087747097,,0.17578123882412911,0.0439453087747097,,24.375,26.5
192,894.74493087931592,867,0.0878906175494194,,,,0.0439453087747097,0.1318359300494194,24.375,26.5
193,894.74493087931592,867,,,0.21972654759883881,0.17578123882412911,,0.1318359300494194,24.375,26.5
194,894.74493087931592,867,,,,,,,24.375,26.625
195,894.74493087931592,867,,0.0439453087747097,,0.17578123882412911,0.0439453087747097,,24.375,26.625
196,894.74493087931592,867,0.0878906175494194,,,,0.0439453087747097,0.1318359300494194,24.375,26.625
197,894.74493087931592,867,,,0.21972654759883881,0.17578123882412911,,0.1318359300494194,24.375,26.625
198,894.74493087931592,867,,,,,,,24.375,26.5
199,894.74493087931592,867,,0.0439453087747097,,0.17578123882412911,0.0439453087747097,,24.375,26.375
200,894.74493087931592,867,0.0878906175494194,,,,0.0439453087747097,0.1318359300494194,24.375,26.375
201,894.74493087931592,867,,,0.21972654759883881,0.17578123882412911,,0.1318359300494194,24.375,26.375
202,894.74493087931592,867,,,,,,,24.25,26.375
203,895.74493087931592,868,,0.0439453087747097,,0.17578123882412911,0.0439453087747097,,24.25,26.375
204,894.74493087931592,867,0.0878906175494194,,,,0.0439453087747097,0.1318359300494194,24.25,26.375
205,895.74493087931592,868,,,0.21972654759883881,0.17578123882412911,,0.1318359300494194,24.25,26.375
206,894.74493087931592,867,,,,,,,24.125,26.375
207,894.74493087931592,867,,0.0439453087747097,,0.17578123882412911,0.0439453087747097,,24.125,26.375
208,894.74493087931592,867,0.0878906175494194,,,,0.0439453087747097,0.1318359300494194,24.125,26.375
209,894.74493087931592,867,,,0.21972654759883881,0.17578123882412911,,0.1318359300494194,24,26.375
210,894.74493087931592,867,,,,,,,24,26.25
211,894.74493087931592,867,,0.0439453087747097,,0.17578123882412911,0.0439453087747097,,24,26.25
212,894.74493087931592,867,0.0878906175494194,,,,0.0439453087747097,0.1318359300494194,24,26.25
213,894.74493087931592,867,,,0.21972654759883881,0.17578123882412911,,0.1318359300494194,24,26.25
214,894.74493087931592,867,,,,,,,24,26.25
215,894.74493087931592,867,,0.0439453087747097,,0.17578123882412911,0.0439453087747097,,24,26.25
216,894.74493087931592,867,0.0878906175494194,,,,0.0439453087747097,0.1318359300494194,24,26.25
217,893.74493087931592,866,,,0.21972654759883881,0.17578123882412911,,0.1318359300494194,24,26.125
218,894.74493087931592,867,,,,,,,24,26.125
219,893.74493087931592,866,,0.0439453087747097,,0.17578123882412911,0.0439453087747097,,24,26.125
220,894.74493087931592,867,0.0878906175494194,,,,0.0439453087747097,0.1318359300494194,24,26
221,894.74493087931592,867,,,0.21972654759883881,0.17578123882412911,,0.1318359300494194,24,26
222,894.74493087931592,867,,,,,,,24.125,26
223,894.74493087931592,867,,0.0439453087747097,,0.17578123882412911,0.0439453087747097,,24.125,26
224,894.74493087931592,867,0.0878906175494194,,,,0.0439453087747097,0.1318359300494194,24.125,26
225,894.74493087931592,867,,,0.21972654759883881,0.17578123882412911,,0.1318359300494194,24.125,26
226,894.74493087931592,867,,,,,,,24.125,26
227,894.74493087931592,867,,0.0439453087747097,,0.17578123882412911,0.0439453087747097,,24.125,26
228,894.74493087931592,867,0.0878906175494194,,,,0.0439453087747097,0.1318359300494194,24.125,26
229,894.74493087931592,867,,,0.21972654759883881,0.17578123882412911,,0.1318359300494194,24.125,26
230,895.74493087931592,868,,,,,,,24.125,26
231,894.74493087931592,867,,0.0439453087747097,,0.17578123882412911,0.0439453087747097,,24.125,26
232,895.74493087931592,868,0.0878906175494194,,,,0.0439453087747097,0.1318359300494194,24.125,26
233,893.74493087931592,866,,,0.21972654759883881,0.17578123882412911,,0.1318359300494194,24.125,26
234,893.74493087931592,866,,,,,,,24.125,26.125
235,894.74493087931592,867,,0.0439453087747097,,0.17578123882412911,0.0439453087747097,,24.25,26.125
236,894.74493087931592,867,0.0878906175494194,,,,0.0439453087747097,0.1318359300494194,24.25,26.125
237,894.74493087931592,867,,,0.21972654759883881,0.17578123882412911,,0.1318359300494194,24.25,26.125
238,894.74493087931592,867,,,,,,,24.125,26.125
239,894.74493087931592,867,,0.0439453087747097,,0.17578123882412911,0.0439453087747097,,24.125,26.125
240,894.74493087931592,867,0.0878906175494194,,,,0.0439453087747097,0.1318359300494194,24.125,26.125
241,893.74493087931592,866,,,0.21972654759883881,0.17578123882412911,,0.1318359300494194,24.125,26.125
242,894.74493087931592,867,,,,,,,24.125,26.125
243,894.74493087931592,867,,0.0439453087747097,,0.17578123882412911,0.0439453087747097,,24.125,26.125
244,894.74493087931592,867,0.0878906175494194,,,,0.0439453087747097,0.1318359300494194,24.125,26.125
245,894.74493087931592,867,,,0.21972654759883881,0.17578123882412911,,0.1318359300494194,24.125,26.125
246,894.74493087931592,867,,,,,,,24.125,26.125
247,894.74493087931592,867,,0.0439453087747097,,0.17578123882412911,0.0439453087747097,,24.125,26.125
248,894.74493087931592,867,0.0878906175494194,,,,0.0439453087747097,0.1318359300494194,24.125,26.125
249,894.74493087931592,867,,,0.21972654759883881,0.17578123882412911,,0.1318359300494194,24.125,26.125
250,894.74493087931592,867,,,,,,,24.125,26.125
251,894.74493087931592,867,,0.0439453087747097,,0.17578123882412911,0.0439453087747097,,24.25,26.125
252,894.74493087931592,867,0.0878906175494194,,,,0.0439453087747097,0.1318359300494194,24.25,26.125
253,894.74493087931592,867,,,0.21972654759883881,0.17578123882412911,,0.1318359300494194,24.25,26.125
254,894.74493087931592,867,,,,,,,24.25,26
255,894.74493087931592,867,,0.0439453087747097,,0.17578123882412911,0.0439453087747097,,24.25,26
256,894.74493087931592,867,0.0878906175494194,,,,0.0439453087747097,0.1318359300494194,24.25,26
257,893.74493087931592,866,,,0.21972654759883881,0.17578123882412911,,0.1318359300494194,24.25,26
258,894.74493087931592,867,,,,,,,24.25,26
259,894.74493087931592,867,,0.0439453087747097,,0.17578123882412911,0.0439453087747097,,24.125,26
260,893.74493087931592,866,0.0878906175494194,,,,0.0439453087747097,0.1318359300494194,24.25,26
261,893.74493087931592,866,,,0.21972654759883881,0.17578123882412911,,0.1318359300494194,24.25,26
262,893.74493087931592,866,,,,,,,24.25,26
263,894.74493087931592,867,,0.0439453087747097,,0.17578123882412911,0.0439453087747097,,24.25,26
264,894.74493087931592,867,0.0878906175494194,,,,0.0439453087747097,0.1318359300494194,24.375,26
265,894.74493087931592,867,,,0.21972654759883881,0.17578123882412911,,0.1318359300494194,24.375,26
266,893.74493087931592,866,,,,,,,24.25,26
267,893.74493087931592,866,,0.0439453087747097,,0.17578123882412911,0.0439453087747097,,24.25,26
268,894.74493087931592,867,0.0878906175494194,,,,0.0439453087747097,0.1318359300494194,24.25,25.875
269,894.74493087931592,867,,,0.21972654759883881,0.17578123882412911,,0.1318359300494194,24.25,25.875
270,894.74493087931592,867,,,,,,,24.25,25.875
271,894.74493087931592,867,,0.0439453087747097,,0.17578123882412911,0.0439453087747097,,24.25,26
272,894.74493087931592,867,0.0878906175494194,,,,0.0439453087747097,0.1318359300494194,24.25,26
273,893.74493087931592,866,,,0.21972654759883881,0.17578123882412911,,0.1318359300494194,24.25,26
274,893.74493087931592,866,,,,,,,24.125,26
275,893.74493087931592,866,,0.0439453087747097,,0.17578123882412911,0.0439453087747097,,24.125,26
276,893.74493087931592,866,0.0878906175494194,,,,0.0439453087747097,0.1318359300494194,24.125,26
277,893.74493087931592,866,,,0.21972654759883881,0.17578123882412911,,0.1318359300494194,24.125,26
278,894.74493087931592,867,,,,,,,24.125,26
279,893.74493087931592,866,,0.0439453087747097,,0.17578123882412911,0.0439453087747097,,24.125,26
280,894.74493087931592,867,0.0878906175494194,,,,0.0439453087747097,0.1318359300494194,24.125,26
281,894.74493087931592,867,,,0.21972654759883881,0.17578123882412911,,0.1318359300494194,24.125,26
282,894.74493087931592,867,,,,,,,24.25,26
283,894.74493087931592,867,,0.0439453087747097,,0.17578123882412911,0.0439453087747097,,24.25,26
284,893.74493087931592,866,0.0878906175494194,,,,0.0439453087747097,0.1318359300494194,24.125,26
285,893.74493087931592,866,,,0.21972654759883881,0.17578123882412911,,0.1318359300494194,24.125,26.125
286,893.74493087931592,866,,,,,,,24.125,26.125
287,893.74493087931592,866,,0.0439453087747097,,0.17578123882412911,0.0439453087747097,,24.125,26.125
288,893.74493087931592,866,0.0878906175494194,,,,0.0439453087747097,0.1318359300494194,24.125,26.25
289,893.74493087931592,866,,,0.21972654759883881,0.17578123882412911,,0.1318359300494194,24.125,26.25
290,893.74493087931592,866,,,,,,,24.125,26.25
291,893.74493087931592,866,,0.0439453087747097,,0.17578123882412911,0.0439453087747097,,24.25,26.25
292,893.74493087931592,866,0.0878906175494194,,,,0.0439453087747097,0.1318359300494194,24.125,26.25
293,893.74493087931592,866,,,0.21972654759883881,0.17578123882412911,,0.1318359300494194,24.125,26.25
294,893.74493087931592,866,,,,,,,24.125,26.25
295,893.74493087931592,866,,0.0439453087747097,,0.17578123882412911,0.0439453087747097,,24.125,26.25
296,893.74493087931592,866,0.0878906175494194,,,,0.0439453087747097,0.1318359300494194,24.125,26.125
297,892.74493087931592,865,,,0.21972654759883881,0.17578123882412911,,0.1318359300494194,24.125,26.125
298,893.74493087931592,866,,,,,,,24.125,26
299,893.74493087931592,866,,0.0439453087747097,,0.17578123882412911,0.0439453087747097,,24.125,26
300,893.74493087931592,866,0.0878906175494194,,,,0.0439453087747097,0.1318359300494194,24.125,26
301,893.74493087931592,866,,,0.21972654759883881,0.17578123882412911,,0.1318359300494194,24.125,25.875
302,893.74493087931592,866,,,,,,,24.125,25.875
303,892.74493087931592,865,,0.0439453087747097,,0.17578123882412911,0.0439453087747097,,24.25,25.875
304,892.74493087931592,865,0.0878906175494194,,,,0.0439453087747097,0.1318359300494194,24.25,25.875
305,893.74493087931592,866,,,0.21972654759883881,0.17578123882412911,,0.1318359300494194,24.25,25.875
306,892.74493087931592,865,,,,,,,24.25,25.875
307,893.74493087931592,866,,0.0439453087747097,,0.17578123882412911,0.0439453087747097,,24.25,26
308,893.74493087931592,866,0.0878906175494194,,,,0.0439453087747097,0.1318359300494194,24.25,26
309,893.74493087931592,866,,,0.21972654759883881,0.17578123882412911,,0.1318359300494194,24.375,26.125
310,893.74493087931592,866,,,,,,,24.375,26.125
311,893.74493087931592,866,,0.0439453087747097,,0.17578123882412911,0.0439453087747097,,24.375,26.125
312,893.74493087931592,866,0.0878906175494194,,,,0.0439453087747097,0.1318359300494194,24.375,26.125
313,893.74493087931592,866,,,0.21972654759883881,0.17578123882412911,,0.1318359300494194,24.375,26.25
314,893.74493087931592,866,,,,,,,24.375,26.25
315,892.74493087931592,865,,0.0439453087747097,,0.17578123882412911,0.0439453087747097,,24.375,26.25
316,892.74493087931592,865,0.0878906175494194,,,,0.0439453087747097,0.1318359300494194,24.375,26.25
317,893.74493087931592,866,,,0.21972654759883881,0.17578123882412911,,0.1318359300494194,24.375,26.25
318,892.74493087931592,865,,,,,,,24.375,26.25
319,893.74493087931592,866,,0.0439453087747097,,0.17578123882412911,0.0439453087747097,,24.25,26.125
320,893.74493087931592,866,0.0878906175494194,,,,0.0439453087747097,0.1318359300494194,24.25,26.125
321,892.74493087931592,865,,,0.21972654759883881,0.17578123882412911,,0.1318359300494194,24.25,26.125
322,892.74493087931592,865,,,,,,,24.25,26.125
323,893.74493087931592,866,,0.0439453087747097,,0.17578123882412911,0.0439453087747097,,24.25,26.125
324,893.74493087931592,866,0.0878906175494194,,,,0.0439453087747097,0.1318359300494194,24.25,26.125
325,893.74493087931592,866,,,0.21972654759883881,0.17578123882412911,,0.1318359300494194,24.25,26.125
326,893.74493087931592,866,,,,,,,24.25,26.125
327,893.74493087931592,866,,0.0439453087747097,,0.17578123882412911,0.0439453087747097,,24.25,26.25
328,893.74493087931592,866,0.0878906175494194,,,,0.0439453087747097,0.1318359300494194,24.25,26.25
329,892.74493087931592,865,,,0.21972654759883881,0.17578123882412911,,0.1318359300494194,24.25,26.25
330,893.74493087931592,866,,,,,,,24.25,26.25
331,892.74493087931592,865,,0.0439453087747097,,0.17578123882412911,0.0439453087747097,,24.25,26.25
332,893.74493087931592,866,0.0878906175494194,,,,0.0439453087747097,0.1318359300494194,24.25,26.25
333,892.74493087931592,865,,,0.21972654759883881,0.17578123882412911,,0.1318359300494194,24.125,26.25
334,893.74493087931592,866,,,,,,,24.125,26.25
335,892.74493087931592,865,,0.0439453087747097,,0.17578123882412911,0.0439453087747097,,24.25,26.25
336,892.74493087931592,865,0.0878906175494194,,,,0.0439453087747097,0.1318359300494194,24.25,26.25
337,893.74493087931592,866,,,0.21972654759883881,0.17578123882412911,,0.1318359300494194,24.25,26.25
338,893.74493087931592,866,,,,,,,24.375,26.25
339,892.74493087931592,865,,0.0439453087747097,,0.17578123882412911,0.0439453087747097,,24.375,26.25
340,892.74493087931592,865,0.0878906175494194,,,,0.0439453087747097,0.1318359300494194,24.375,26.25
341,892.74493087931592,865,,,0.21972654759883881,0.17578123882412911,,0.1318359300494194,24.375,26.25
342,893.74493087931592,866,,,,,,,24.375,26.375
343,893.74493087931592,866,,0.0439453087747097,,0.17578123882412911,0.0439453087747097,,24.375,26.375
344,893.74493087931592,866,0.0878906175494194,,,,0.0439453087747097,0.1318359300494194,24.375,26.375
345,892.74493087931592,865,,,0.21972654759883881,0.17578123882412911,,0.1318359300494194,24.375,26.25
346,892.74493087931592,865,,,,,,,24.375,26.25
347,893.74493087931592,866,,0.0439453087747097,,0.17578123882412911,0.0439453087747097,,24.375,26.25
348,892.74493087931592,865,0.0878906175494194,,,,0.0439453087747097,0.1318359300494194,24.25,26.125
349,892.74493087931592,865,,,0.21972654759883881,0.17578123882412911,,0.1318359300494194,24.25,26.125
350,892.74493087931592,865,,,,,,,24.25,26.125
351,892.74493087931592,865,,0.0439453087747097,,0.17578123882412911,0.0439453087747097,,24.25,26.125
352,892.74493087931592,865,0.0878906175494194,,,,0.0439453087747097,0.1318359300494194,24.25,26.125
353,892.74493087931592,865,,,0.21972654759883881,0.17578123882412911,,0.1318359300494194,24.25,26.125
354,891.74493087931592,864,,,,,,,24.25,26.125
355,893.74493087931592,866,,0.0439453087747097,,0.17578123882412911,0.0439453087747097,,24.25,26
356,892.74493087931592,865,0.0878906175494194,,,,0.0439453087747097,0.1318359300494194,24.25,26
357,892.74493087931592,865,,,0.21972654759883881,0.17578123882412911,,0.1318359300494194,24.375,26
358,892.74493087931592,865,,,,,,,24.375,26
359,893.74493087931592,866,,0.0439453087747097,,0.17578123882412911,0.0439453087747097,,24.375,26
360,892.74493087931592,865,0.0878906175494194,,,,0.0439453087747097,0.1318359300494194,24.375,26
361,893.74493087931592,866,,,0.21972654759883881,0.17578123882412911,,0.1318359300494194,24.25,26
362,892.74493087931592,865,,,,,,,24.25,26
363,892.74493087931592,865,,0.0439453087747097,,0.17578123882412911,0.0439453087747097,,24.25,26
364,892.74493087931592,865,0.0878906175494194,,,,0.0439453087747097,0.1318359300494194,24.25,26
365,891.74493087931592,864,,,0.21972654759883881,0.17578123882412911,,0.1318359300494194,24.25,26.125
366,893.74493087931592,866,,,,,,,24.25,26.125
367,892.74493087931592,865,,0.0439453087747097,,0.17578123882412911,0.0439453087747097,,24.25,26.125
368,892.74493087931592,865,0.0878906175494194,,,,0.0439453087747097,0.1318359300494194,24.25,26.25
369,891.74493087931592,864,,,0.21972654759883881,0.17578123882412911,,0.1318359300494194,24.25,26.25
370,892.74493087931592,865,,,,,,,24.25,26.25
371,892.74493087931592,865,,0.0439453087747097,,0.17578123882412911,0.0439453087747097,,24.25,26.25
372,892.74493087931592,865,0.0878906175494194,,,,0.0439453087747097,0.1318359300494194,24.25,26.125
373,893.74493087931592,866,,,0.21972654759883881,0.17578123882412911,,0.1318359300494194,24.25,26.125
374,892.74493087931592,865,,,,,,,24.25,26.125
375,892.74493087931592,865,,0.0439453087747097,,0.17578123882412911,0.0439453087747097,,24.25,26.125
376,892.74493087931592,865,0.0878906175494194,,,,0.0439453087747097,0.1318359300494194,24.25,26.125
377,892.74493087931592,865,,,0.21972654759883881,0.17578123882412911,,0.1318359300494194,24.25,26.25
378,892.74493087931592,865,,,,,,,24.25,26.25
379,892.74493087931592,865,,0.0439453087747097,,0.17578123882412911,0.0439453087747097,,24.25,26.25
380,892.74493087931592,865,0.0878906175494194,,,,0.0439453087747097,0.1318359300494194,24.25,26.25
381,892.74493087931592,865,,,0.21972654759883881,0.17578123882412911,,0.1318359300494194,24.25,26.25
382,893.74493087931592,866,,,,,,,24.25,26.125
383,892.74493087931592,865,,0.0439453087747097,,0.17578123882412911,0.0439453087747097,,24.25,26.125
384,892.74493087931592,865,0.0878906175494194,,,,0.0439453087747097,0.1318359300494194,24.125,26.125
385,892.74493087931592,865,,,0.21972654759883881,0.17578123882412911,,0.1318359300494194,24.125,26.125
386,892.74493087931592,865,,,,,,,24.125,26.125
387,892.74493087931592,865,,0.0439453087747097,,0.17578123882412911,0.0439453087747097,,24.125,26.125
388,892.74493087931592,865,0.0878906175494194,,,,0.0439453087747097,0.1318359300494194,24.125,26.125
389,892.74493087931592,865,,,0.21972654759883881,0.17578123882412911,,0.1318359300494194,24.25,26
390,893.74493087931592,866,,,,,,,24.25,26
391,892.74493087931592,865,,0.0439453087747097,,0.17578123882412911,0.0439453087747097,,24.25,26
392,893.74493087931592,866,0.0878906175494194,,,,0.0439453087747097,0.1318359300494194,24.25,26
393,893.74493087931592,866,,,0.21972654759883881,0.17578123882412911,,0.1318359300494194,24.25,26
394,893.74493087931592,866,,,,,,,24.25,26
395,893.74493087931592,866,,0.0439453087747097,,0.17578123882412911,0.0439453087747097,,24.125,26
396,892.74493087931592,865,0.0878906175494194,,,,0.0439453087747097,0.1318359300494194,24.25,26
397,893.74493087931592,866,,,0.21972654759883881,0.17578123882412911,,0.1318359300494194,24.25,26
398,892.74493087931592,865,,,,,,,24.375,26
399,892.74493087931592,865,,0.0439453087747097,,0.17578123882412911,0.0439453087747097,,24.25,26
400,893.74493087931592,866,0.0878906175494194,,,,0.0439453087747097,0.1318359300494194,24.25,26
401,892.74493087931592,865,,,0.21972654759883881,0.17578123882412911,,0.1318359300494194,24.375,25.875
402,892.74493087931592,865,,,,,,,24.375,25.75
403,892.74493087931592,865,,0.0439453087747097,,0.17578123882412911,0.0439453087747097,,24.375,25.625
404,892.74493087931592,865,0.0878906175494194,,,,0.0439453087747097,0.1318359300494194,24.375,25.625
405,893.74493087931592,866,,,0.21972654759883881,0.17578123882412911,,0.1318359300494194,24.375,25.625
406,892.74493087931592,865,,,,,,,24.375,25.625
407,892.74493087931592,865,,0.0439453087747097,,0.17578123882412911,0.0439453087747097,,24.375,25.625
408,892.74493087931592,865,0.0878906175494194,,,,0.0439453087747097,0.1318359300494194,24.25,25.75
409,892.74493087931592,865,,,0.21972654759883881,0.17578123882412911,,0.1318359300494194,24.25,25.75
410,892.74493087931592,865,,,,,,,24.25,25.875
411,892.74493087931592,865,,0.0439453087747097,,0.17578123882412911,0.0439453087747097,,24.25,26
412,892.74493087931592,865,0.0878906175494194,,,,0.0439453087747097,0.1318359300494194,24.25,26
413,892.74493087931592,865,,,0.21972654759883881,0.17578123882412911,,0.1318359300494194,24.25,26.125
414,892.74493087931592,865,,,,,,,24.25,26.125
415,892.74493087931592,865,,0.0439453087747097,,0.17578123882412911,0.0439453087747097,,24.25,26.125
416,892.74493087931592,865,0.0878906175494194,,,,0.0439453087747097,0.1318359300494194,24.25,26.125
417,892.74493087931592,865,,,0.21972654759883881,0.17578123882412911,,0.1318359300494194,24.25,26.125
418,892.74493087931592,865,,,,,,,24.25,26.125
419,893.74493087931592,866,,0.0439453087747097,,0.17578123882412911,0.0439453087747097,,24.25,26.125
420,893.74493087931592,866,0.0878906175494194,,,,0.0439453087747097,0.1318359300494194,24.25,26.125
421,892.74493087931592,865,,,0.21972654759883881,0.17578123882412911,,0.1318359300494194,24.25,26.125
422,892.74493087931592,865,,,,,,,24.25,26.125
423,894.74493087931592,867,,0.0439453087747097,,0.17578123882412911,0.0439453087747097,,24.25,26.25
424,893.74493087931592,866,0.0878906175494194,,,,0.0439453087747097,0.1318359300494194,24.25,26.25
425,892.74493087931592,865,,,0.21972654759883881,0.17578123882412911,,0.1318359300494194,24.25,26.25
426,893.74493087931592,866,,,,,,,24.25,26.25
427,893.74493087931592,866,,0.0439453087747097,,0.17578123882412911,0.0439453087747097,,24.25,26.25
428,893.74493087931592,866,0.0878906175494194,,,,0.0439453087747097,0.1318359300494194,24.25,26.25
429,893.74493087931592,866,,,0.21972654759883881,0.17578123882412911,,0.1318359300494194,24.375,26.25
430,893.74493087931592,866,,,,,,,24.375,26.25
431,893.74493087931592,866,,0.0439453087747097,,0.17578123882412911,0.0439453087747097,,24.5,26.375
432,893.74493087931592,866,0.0878906175494194,,,,0.0439453087747097,0.1318359300494194,24.5,26.375
433,893.74493087931592,866,,,0.21972654759883881,0.17578123882412911,,0.1318359300494194,24.625,26.375
434,893.74493087931592,866,,,,,,,24.625,26.5
435,892.74493087931592,865,,0.0439453087747097,,0.17578123882412911,0.0439453087747097,,24.75,26.625
436,893.74493087931592,866,0.0878906175494194,,,,0.0439453087747097,0.1318359300494194,24.75,26.75
437,893.74493087931592,866,,,0.21972654759883881,0.17578123882412911,,0.1318359300494194,24.625,26.75
438,893.74493087931592,866,,,,,,,24.625,26.75
439,893.74493087931592,866,,0.0439453087747097,,0.17578123882412911,0.0439453087747097,,24.625,26.75
440,893.74493087931592,866,0.0878906175494194,,,,0.0439453087747097,0.1318359300494194,24.625,26.75
441,893.74493087931592,866,,,0.21972654759883881,0.17578123882412911,,0.1318359300494194,24.625,26.625
442,893.74493087931592,866,,,,,,,24.625,26.625
443,893.74493087931592,866,,0.0439453087747097,,0.17578123882412911,0.0439453087747097,,24.625,26.625
444,893.74493087931592,866,0.0878906175494194,,,,0.0439453087747097,0.1318359300494194,24.625,26.625
445,893.74493087931592,866,,,0.21972654759883881,0.17578123882412911,,0.1318359300494194,24.5,26.625
446,893.74493087931592,866,,,,,,,24.5,26.625
447,893.74493087931592,866,,0.0439453087747097,,0.17578123882412911,0.0439453087747097,,24.625,26.625
448,893.74493087931592,866,0.0878906175494194,,,,0.0439453087747097,0.1318359300494194,24.625,26.625
449,893.74493087931592,866,,,0.21972654759883881,0.17578123882412911,,0.1318359300494194,24.625,26.625
450,893.74493087931592,866,,,,,,,24.625,26.625
451,893.74493087931592,866,,0.0439453087747097,,0.17578123882412911,0.0439453087747097,,24.625,26.5
452,893.74493087931592,866,0.0878906175494194,,,,0.0439453087747097,0.1318359300494194,24.625,26.5
453,893.74493087931592,866,,,0.21972654759883881,0.17578123882412911,,0.1318359300494194,24.625,26.5
454,893.74493087931592,866,,,,,,,24.625,26.5
455,893.74493087931592,866,,0.0439453087747097,,0.17578123882412911,0.0439453087747097,,24.625,26.5
456,893.74493087931592,866,0.0878906175494194,,,,0.0439453087747097,0.1318359300494194,24.625,26.5
457,893.74493087931592,866,,,0.21972654759883881,0.17578123882412911,,0.1318359300494194,24.625,26.5
458,893.74493087931592,866,,,,,,,24.625,26.5
459,893.74493087931592,866,,0.0439453087747097,,0.17578123882412911,0.0439453087747097,,24.75,26.5
460,893.74493087931592,866,0.0878906175494194,,,,0.0439453087747097,0.1318359300494194,24.75,26.5
461,893.74493087931592,866,,,0.21972654759883881,0.17578123882412911,,0.1318359300494194,24.75,26.5
462,893.74493087931592,866,,,,,,,24.75,26.5
463,893.74493087931592,866,,0.0439453087747097,,0.17578123882412911,0.0439453087747097,,24.75,26.375
464,893.74493087931592,866,0.0878906175494194,,,,0.0439453087747097,0.1318359300494194,24.75,26.375
465,894.74493087931592,867,,,0.21972654759883881,0.17578123882412911,,0.1318359300494194,24.75,26.25
466,892.74493087931592,865,,,,,,,24.75,26.25
467,892.74493087931592,865,,0.0439453087747097,,0.17578123882412911,0.0439453087747097,,24.75,26.25
468,893.74493087931592,866,0.0878906175494194,,,,0.0439453087747097,0.1318359300494194,24.75,26.25
469,893.74493087931592,866,,,0.21972654759883881,0.17578123882412911,,0.1318359300494194,24.75,26.25
470,892.74493087931592,865,,,,,,,24.625,26.25
471,893.74493087931592,866,,0.0439453087747097,,0.17578123882412911,0.0439453087747097,,24.625,26.25
472,893.74493087931592,866,0.0878906175494194,,,,0.0439453087747097,0.1318359300494194,24.625,26.25
473,893.74493087931592,866,,,0.21972654759883881,0.17578123882412911,,0.1318359300494194,24.625,26.25
474,893.74493087931592,866,,,,,,,24.625,26.375
475,892.74493087931592,865,,0.0439453087747097,,0.17578123882412911,0.0439453087747097,,24.625,26.5
476,892.74493087931592,865,0.0878906175494194,,,,0.0439453087747097,0.1318359300494194,24.625,26.5
477,893.74493087931592,866,,,0.21972654759883881,0.17578123882412911,,0.1318359300494194,24.5,26.5
478,893.74493087931592,866,,,,,,,24.5,26.625
479,893.74493087931592,866,,0.0439453087747097,,0.17578123882412911,0.0439453087747097,,24.5,26.625
480,893.74493087931592,866,0.0878906175494194,,,,0.0439453087747097,0.1318359300494194,24.5,26.5
481,893.74493087931592,866,,,0.21972654759883881,0.17578123882412911,,0.1318359300494194,24.5,26.5
482,893.74493087931592,866,,,,,,,24.5,26.5
483,893.74493087931592,866,,0.0439453087747097,,0.17578123882412911,0.0439453087747097,,24.5,26.5
484,892.74493087931592,865,0.0878906175494194,,,,0.0439453087747097,0.1318359300494194,24.5,26.5
485,893.74493087931592,866,,,0.21972654759883881,0.17578123882412911,,0.1318359300494194,24.375,26.5
486,893.74493087931592,866,,,,,,,24.5,26.5
487,892.74493087931592,865,,0.0439453087747097,,0.17578123882412911,0.0439453087747097,,24.5,26.5
488,893.74493087931592,866,0.0878906175494194,,,,0.0439453087747097,0.1318359300494194,24.5,26.5
489,893.74493087931592,866,,,0.21972654759883881,0.17578123882412911,,0.1318359300494194,24.5,26.5
490,893.74493087931592,866,,,,,,,24.5,26.625
491,893.74493087931592,866,,0.0439453087747097,,0.17578123882412911,0.0439453087747097,,24.5,26.625
492,893.74493087931592,866,0.0878906175494194,,,,0.0439453087747097,0.1318359300494194,24.5,26.625
493,893.74493087931592,866,,,0.21972654759883881,0.17578123882412911,,0.1318359300494194,24.5,26.625
494,892.74493087931592,865,,,,,,,24.625,26.5
495,893.74493087931592,866,,0.0439453087747097,,0.17578123882412911,0.0439453087747097,,24.75,26.5
496,894.74493087931592,867,0.0878906175494194,,,,0.0439453087747097,0.1318359300494194,24.75,26.5
497,893.74493087931592,866,,,0.21972654759883881,0.17578123882412911,,0.1318359300494194,24.75,26.5
498,892.74493087931592,865,,,,,,,24.75,26.5
499,893.74493087931592,866,,0.0439453087747097,,0.17578123882412911,0.0439453087747097,,24.75,26.5
500,892.74493087931592,865,0.0878906175494194,,,,0.0439453087747097,0.1318359300494194,24.75,26.5
501,893.74493087931592,866,,,0.21972654759883881,0.17578123882412911,,0.1318359300494194,24.75,26.375
502,892.74493087931592,865,,,,,,,24.625,26.375
503,893.74493087931592,866,,0.0439453087747097,,0.17578123882412911,0.0439453087747097,,24.625,26.375
504,893.74493087931592,866,0.0878906175494194,,,,0.0439453087747097,0.1318359300494194,24.75,26.375
505,893.74493087931592,866,,,0.21972654759883881,0.17578123882412911,,0.1318359300494194,24.75,26.5
506,892.74493087931592,865,,,,,,,24.75,26.5
507,892.74493087931592,865,,0.0439453087747097,,0.17578123882412911,0.0439453087747097,,24.75,26.5
508,892.74493087931592,865,0.0878906175494194,,,,0.0439453087747097,0.1318359300494194,24.75,26.375
509,893.74493087931592,866,,,0.21972654759883881,0.17578123882412911,,0.1318359300494194,24.75,26.375
510,893.74493087931592,866,,,,,,,24.75,26.375
511,892.74493087931592,865,,0.0439453087747097,,0.17578123882412911,0.0439453087747097,,24.75,26.25
512,892.74493087931592,865,0.0878906175494194,,,,0.0439453087747097,0.1318359300494194,24.75,26.25
513,893.74493087931592,866,,,0.21972654759883881,0.17578123882412911,,0.1318359300494194,24.75,26.25
514,892.74493087931592,865,,,,,,,24.75,26.25
515,892.74493087931592,865,,0.0439453087747097,,0.17578123882412911,0.0439453087747097,,24.75,26.25
516,892.74493087931592,865,0.0878906175494194,,,,0.0439453087747097,0.1318359300494194,24.75,26.25
517,892.74493087931592,865,,,0.21972654759883881,0.17578123882412911,,0.1318359300494194,24.75,26.375
518,893.74493087931592,866,,,,,,,24.875,26.375
519,892.74493087931592,865,,0.0439453087747097,,0.17578123882412911,0.0439453087747097,,24.875,26.375
520,892.74493087931592,865,0.0878906175494194,,,,0.0439453087747097,0.1318359300494194,24.75,26.375
521,893.74493087931592,866,,,0.21972654759883881,0.17578123882412911,,0.1318359300494194,24.75,26.375
522,893.74493087931592,866,,,,,,,24.75,26.375
523,892.74493087931592,865,,0.0439453087747097,,0.17578123882412911,0.0439453087747097,,24.625,26.375
524,893.74493087931592,866,0.0878906175494194,,,,0.0439453087747097,0.1318359300494194,24.625,26.25
525,893.74493087931592,866,,,0.21972654759883881,0.17578123882412911,,0.1318359300494194,24.625,26.25
526,892.74493087931592,865,,,,,,,24.5,26.25
527,893.74493087931592,866,,0.0439453087747097,,0.17578123882412911,0.0439453087747097,,24.5,26.375
528,892.74493087931592,865,0.0878906175494194,,,,0.0439453087747097,0.1318359300494194,24.625,26.375
529,892.74493087931592,865,,,0.21972654759883881,0.17578123882412911,,0.1318359300494194,24.625,26.375
530,893.74493087931592,866,,,,,,,24.625,26.5
531,893.74493087931592,866,,0.0439453087747097,,0.17578123882412911,0.0439453087747097,,24.625,26.5
532,892.74493087931592,865,0.0878906175494194,,,,0.0439453087747097,0.1318359300494194,24.625,26.5
533,892.74493087931592,865,,,0.21972654759883881,0.17578123882412911,,0.1318359300494194,24.625,26.5
534,893.74493087931592,866,,,,,,,24.625,26.5
535,893.74493087931592,866,,0.0439453087747097,,0.17578123882412911,0.0439453087747097,,24.625,26.5
536,893.74493087931592,866,0.0878906175494194,,,,0.0439453087747097,0.1318359300494194,24.75,26.625
537,893.74493087931592,866,,,0.21972654759883881,0.17578123882412911,,0.1318359300494194,24.75,26.625
538,892.74493087931592,865,,,,,,,24.75,26.625
539,892.74493087931592,865,,0.0439453087747097,,0.17578123882412911,0.0439453087747097,,24.75,26.625
540,893.74493087931592,866,0.0878906175494194,,,,0.0439453087747097,0.1318359300494194,24.75,26.625
541,893.74493087931592,866,,,0.21972654759883881,0.17578123882412911,,0.1318359300494194,24.75,26.625
542,892.74493087931592,865,,,,,,,24.75,26.625
543,892.74493087931592,865,,0.0439453087747097,,0.17578123882412911,0.0439453087747097,,24.75,26.625
544,893.74493087931592,866,0.0878906175494194,,,,0.0439453087747097,0.1318359300494194,24.625,26.625
545,892.74493087931592,865,,,0.21972654759883881,0.17578123882412911,,0.1318359300494194,24.625,26.625
546,891.74493087931592,864,,,,,,,24.625,26.625
547,892.74493087931592,865,,0.0439453087747097,,0.17578123882412911,0.0439453087747097,,24.625,26.625
548,891.74493087931592,864,0.0878906175494194,,,,0.0439453087747097,0.1318359300494194,24.5,26.625
549,892.74493087931592,865,,,0.21972654759883881,0.17578123882412911,,0.1318359300494194,24.5,26.625
550,892.74493087931592,865,,,,,,,24.625,26.625
551,892.74493087931592,865,,0.0439453087747097,,0.17578123882412911,0.0439453087747097,,24.625,26.625
552,892.74493087931592,865,0.0878906175494194,,,,0.0439453087747097,0.1318359300494194,24.5,26.5
553,891.74493087931592,864,,,0.21972654759883881,0.17578123882412911,,0.1318359300494194,24.5,26.5
554,892.74493087931592,865,,,,,,,24.5,26.5
555,891.74493087931592,864,,0.0439453087747097,,0.17578123882412911,0.0439453087747097,,24.5,26.625
556,892.74493087931592,865,0.0878906175494194,,,,0.0439453087747097,0.1318359300494194,24.5,26.625
557,892.74493087931592,865,,,0.21972654759883881,0.17578123882412911,,0.1318359300494194,24.5,26.625
558,891.74493087931592,864,,,,,,,24.5,26.625
559,892.74493087931592,865,,0.0439453087747097,,0.17578123882412911,0.0439453087747097,,24.5,26.625
560,892.74493087931592,865,0.0878906175494194,,,,0.0439453087747097,0.1318359300494194,24.5,26.625
561,892.74493087931592,865,,,0.21972654759883881,0.17578123882412911,,0.1318359300494194,24.5,26.625
562,892.74493087931592,865,,,,,,,24.5,26.625
563,892.74493087931592,865,,0.0439453087747097,,0.17578123882412911,0.0439453087747097,,24.5,26.625
564,892.74493087931592,865,0.0878906175494194,,,,0.0439453087747097,0.1318359300494194,24.5,26.625
565,892.74493087931592,865,,,0.21972654759883881,0.17578123882412911,,0.1318359300494194,24.5,26.5
566,892.74493087931592,865,,,,,,,24.5,26.5
567,892.74493087931592,865,,0.0439453087747097,,0.17578123882412911,0.0439453087747097,,24.5,26.5
568,892.74493087931592,865,0.0878906175494194,,,,0.0439453087747097,0.1318359300494194,24.5,26.5
569,891.74493087931592,864,,,0.21972654759883881,0.17578123882412911,,0.1318359300494194,24.5,26.5
570,891.74493087931592,864,,,,,,,24.5,26.5
571,892.74493087931592,865,,0.0439453087747097,,0.17578123882412911,0.0439453087747097,,24.5,26.5
572,892.74493087931592,865,0.0878906175494194,,,,0.0439453087747097,0.1318359300494194,24.5,26.5
573,892.74493087931592,865,,,0.21972654759883881,0.17578123882412911,,0.1318359300494194,24.625,26.375
574,892.74493087931592,865,,,,,,,24.625,26.375
575,892.74493087931592,865,,0.0439453087747097,,0.17578123882412911,0.0439453087747097,,24.625,26.375
576,892.74493087931592,865,0.0878906175494194,,,,0.0439453087747097,0.1318359300494194,24.75,26.375
577,892.74493087931592,865,,,0.21972654759883881,0.17578123882412911,,0.1318359300494194,24.75,26.375
578,892.74493087931592,865,,,,,,,24.75,26.5
579,892.74493087931592,865,,0.0439453087747097,,0.17578123882412911,0.0439453087747097,,24.75,26.5
580,893.74493087931592,866,0.0878906175494194,,,,0.0439453087747097,0.1318359300494194,24.625,26.5
581,892.74493087931592,865,,,0.21972654759883881,0.17578123882412911,,0.1318359300494194,24.625,26.625
582,892.74493087931592,865,,,,,,,24.625,26.625
583,892.74493087931592,865,,0.0439453087747097,,0.17578123882412911,0.0439453087747097,,24.5,26.625
584,892.74493087931592,865,0.0878906175494194,,,,0.0439453087747097,0.1318359300494194,24.625,26.625
585,892.74493087931592,865,,,0.21972654759883881,0.17578123882412911,,0.1318359300494194,24.625,26.625
586,892.74493087931592,865,,,,,,,24.625,26.625
587,892.74493087931592,865,,0.0439453087747097,,0.17578123882412911,0.0439453087747097,,24.625,26.625
588,892.74493087931592,865,0.0878906175494194,,,,0.0439453087747097,0.1318359300494194,9.75,26.5
589,892.74493087931592,865,,,0.21972654759883881,0.17578123882412911,,0.1318359300494194,9.25,26.5
590,892.74493087931592,865,,,,,,,8.625,26.5
591,892.74493087931592,865,,0.0439453087747097,,0.17578123882412911,0.0439453087747097,,8.125,26.5
592,892.74493087931592,865,0.0878906175494194,,,,0.0439453087747097,0.1318359300494194,7.75,26.5
593,892.74493087931592,865,,,0.21972654759883881,0.17578123882412911,,0.1318359300494194,7.375,26.5
594,892.74493087931592,865,,,,,,,7,26.5
595,892.74493087931592,865,,0.0439453087747097,,0.17578123882412911,0.0439453087747097,,6.625,26.5
596,892.74493087931592,865,0.0878906175494194,,,,0.0439453087747097,0.1318359300494194,6.375,26.625
597,892.74493087931592,865,,,0.21972654759883881,0.17578123882412911,,0.1318359300494194,6.125,26.625
598,892.74493087931592,865,,,,,,,5.875,26.75
599,892.74493087931592,865,,0.0439453087747097,,0.17578123882412911,0.0439453087747097,,5.625,26.75
600,892.74493087931592,865,0.0878906175494194,,,,0.0439453087747097,0.1318359300494194,5.5,26.625
601,892.74493087931592,865,,,0.21972654759883881,0.17578123882412911,,0.1318359300494194,5.25,26.5
602,892.74493087931592,865,,,,,,,5.125,26.375
603,892.74493087931592,865,,0.0439453087747097,,0.17578123882412911,0.0439453087747097,,4.875,26.25
604,892.74493087931592,865,0.0878906175494194,,,,0.0439453087747097,0.1318359300494194,4.75,26.125
605,892.74493087931592,865,,,0.21972654759883881,0.17578123882412911,,0.1318359300494194,4.625,26
606,892.74493087931592,865,,,,,,,4.5,26
607,892.74493087931592,865,,0.0439453087747097,,0.17578123882412911,0.0439453087747097,,4.25,26
608,892.74493087931592,865,0.0878906175494194,,,,0.0439453087747097,0.1318359300494194,4.25,26
609,892.74493087931592,865,,,0.21972654759883881,0.17578123882412911,,0.1318359300494194,4.125,26
610,892.74493087931592,865,,,,,,,4,26.125
611,892.74493087931592,865,,0.0439453087747097,,0.17578123882412911,0.0439453087747097,,3.875,26.125
612,892.74493087931592,865,0.0878906175494194,,,,0.0439453087747097,0.1318359300494194,3.75,26.125
613,892.74493087931592,865,,,0.21972654759883881,0.17578123882412911,,0.1318359300494194,3.625,26.25
614,892.74493087931592,865,,,,,,,3.5,26.25
615,892.74493087931592,865,,0.0439453087747097,,0.17578123882412911,0.0439453087747097,,3.5,26.25
616,892.74493087931592,865,0.0878906175494194,,,,0.0439453087747097,0.1318359300494194,3.375,26.25
617,892.74493087931592,865,,,0.21972654759883881,0.17578123882412911,,0.1318359300494194,3.25,26.25
618,892.74493087931592,865,,,,,,,3.25,26.25
619,892.74493087931592,865,,0.0439453087747097,,0.17578123882412911,0.0439453087747097,,3.125,26.25
620,892.74493087931592,865,0.0878906175494194,,,,0.0439453087747097,0.1318359300494194,3,26.25
621,892.74493087931592,865,,,0.21972654759883881,0.17578123882412911,,0.1318359300494194,3,26.25
622,892.74493087931592,865,,,,,,,2.875,26.25
623,892.74493087931592,865,,0.0439453087747097,,0.17578123882412911,0.0439453087747097,,2.875,26.25
624,892.74493087931592,865,0.0878906175494194,,,,0.0439453087747097,0.1318359300494194,2.75,26.25
625,892.74493087931592,865,,,0.21972654759883881,0.17578123882412911,,0.1318359300494194,2.75,26.25
626,892.74493087931592,865,,,,,,,2.625,26.25
627,892.74493087931592,865,,0.0439453087747097,,0.17578123882412911,0.0439453087747097,,2.625,26.25
628,892.74493087931592,865,0.0878906175494194,,,,0.0439453087747097,0.1318359300494194,2.5,26.25
629,892.74493087931592,865,,,0.21972654759883881,0.17578123882412911,,0.1318359300494194,2.5,26.25
630,892.74493087931592,865,,,,,,,2.375,26.25
631,892.74493087931592,865,,0.0439453087747097,,0.17578123882412911,0.0439453087747097,,2.375,26.125
632,892.74493087931592,865,0.0878906175494194,,,,0.0439453087747097,0.1318359300494194,2.25,26.125
633,892.74493087931592,865,,,0.21972654759883881,0.17578123882412911,,0.1318359300494194,2.25,26.125
634,892.74493087931592,865,,,,,,,2.25,26.125
635,892.74493087931592,865,,0.0439453087747097,,0.17578123882412911,0.0439453087747097,,2.125,26.25
636,892.74493087931592,865,0.0878906175494194,,,,0.0439453087747097,0.1318359300494194,2.125,26.25
637,892.74493087931592,865,,,0.21972654759883881,0.17578123882412911,,0.1318359300494194,2.125,26.25
638,893.74493087931592,866,,,,,,,2,26.25
639,892.74493087931592,865,,0.0439453087747097,,0.17578123882412911,0.0439453087747097,,2,26.125
640,892.74493087931592,865,0.0878906175494194,,,,0.0439453087747097,0.1318359300494194,2,26.125
641,892.74493087931592,865,,,0.21972654759883881,0.17578123882412911,,0.1318359300494194,1.875,26.125
642,892.74493087931592,865,,,,,,,1.875,26.125
643,892.74493087931592,865,,0.0439453087747097,,0.17578123882412911,0.0439453087747097,,1.875,26.125
644,892.74493087931592,865,0.0878906175494194,,,,0.0439453087747097,0.1318359300494194,1.875,26
645,892.74493087931592,865,,,0.21972654759883881,0.17578123882412911,,0.1318359300494194,1.75,26
646,892.74493087931592,865,,,,,,,1.75,26
647,892.74493087931592,865,,0.0439453087747097,,0.17578123882412911,0.0439453087747097,,1.625,26
648,893.74493087931592,866,0.0878906175494194,,,,0.0439453087747097,0.1318359300494194,1.625,26
649,893.74493087931592,866,,,0.21972654759883881,0.17578123882412911,,0.1318359300494194,1.625,26
650,892.74493087931592,865,,,,,,,1.625,26
651,892.74493087931592,865,,0.0439453087747097,,0.17578123882412911,0.0439453087747097,,1.625,26
652,892.74493087931592,865,0.0878906175494194,,,,0.0439453087747097,0.1318359300494194,1.5,26
653,893.74493087931592,866,,,0.21972654759883881,0.17578123882412911,,0.1318359300494194,1.5,26
654,893.74493087931592,866,,,,,,,1.5,26
655,892.74493087931592,865,,0.0439453087747097,,0.17578123882412911,0.0439453087747097,,1.375,26
656,893.74493087931592,866,0.0878906175494194,,,,0.0439453087747097,0.1318359300494194,1.375,26
657,893.74493087931592,866,,,0.21972654759883881,0.17578123882412911,,0.1318359300494194,1.375,26
658,892.74493087931592,865,,,,,,,1.375,25.875
659,893.74493087931592,866,,0.0439453087747097,,0.17578123882412911,0.0439453087747097,,1.375,25.875
660,892.74493087931592,865,0.0878906175494194,,,,0.0439453087747097,0.1318359300494194,1.375,25.75
661,893.74493087931592,866,,,0.21972654759883881,0.17578123882412911,,0.1318359300494194,1.25,25.75
662,893.74493087931592,866,,,,,,,1.25,25.75
663,893.74493087931592,866,,0.0439453087747097,,0.17578123882412911,0.0439453087747097,,1.25,25.75
664,892.74493087931592,865,0.0878906175494194,,,,0.0439453087747097,0.1318359300494194,1.25,25.75
665,893.74493087931592,866,,,0.21972654759883881,0.17578123882412911,,0.1318359300494194,1.25,25.625
666,892.74493087931592,865,,,,,,,1.25,25.625
667,893.74493087931592,866,,0.0439453087747097,,0.17578123882412911,0.0439453087747097,,1.125,25.625
668,892.74493087931592,865,0.0878906175494194,,,,0.0439453087747097,0.1318359300494194,1.125,25.625
669,893.74493087931592,866,,,0.21972654759883881,0.17578123882412911,,0.1318359300494194,1.125,25.625
670,893.74493087931592,866,,,,,,,1.125,25.625
671,893.74493087931592,866,,0.0439453087747097,,0.17578123882412911,0.0439453087747097,,1.125,25.75
672,893.74493087931592,866,0.0878906175494194,,,,0.0439453087747097,0.1318359300494194,1.125,25.75
673,892.74493087931592,865,,,0.21972654759883881,0.17578123882412911,,0.1318359300494194,1.125,25.75
674,892.74493087931592,865,,,,,,,1,25.75
675,892.74493087931592,865,,0.0439453087747097,,0.17578123882412911,0.0439453087747097,,1,25.75
676,892.74493087931592,865,0.0878906175494194,,,,0.0439453087747097,0.1318359300494194,1,25.75
677,893.74493087931592,866,,,0.21972654759883881,0.17578123882412911,,0.1318359300494194,1,25.75
678,893.74493087931592,866,,,,,,,1,25.75
679,892.74493087931592,865,,0.0439453087747097,,0.17578123882412911,0.0439453087747097,,1,25.75
680,893.74493087931592,866,0.0878906175494194,,,,0.0439453087747097,0.1318359300494194,1,25.75
681,892.74493087931592,865,,,0.21972654759883881,0.17578123882412911,,0.1318359300494194,1,25.75
682,892.74493087931592,865,,,,,,,0.875,25.75
683,893.74493087931592,866,,0.0439453087747097,,0.17578123882412911,0.0439453087747097,,1,25.75
684,893.74493087931592,866,0.0878906175494194,,,,0.0439453087747097,0.1318359300494194,0.875,25.625
685,893.74493087931592,866,,,0.21972654759883881,0.17578123882412911,,0.1318359300494194,0.75,25.5
686,892.74493087931592,865,,,,,,,0.75,25.5
687,893.74493087931592,866,,0.0439453087747097,,0.17578123882412911,0.0439453087747097,,0.375,25.5
688,892.74493087931592,865,0.0878906175494194,,,,0.0439453087747097,0.1318359300494194,0.625,25.5
689,892.74493087931592,865,,,0.21972654759883881,0.17578123882412911,,0.1318359300494194,0.375,25.5
690,892.74493087931592,865,,,,,,,0.375,25.5
691,893.74493087931592,866,,0.0439453087747097,,0.17578123882412911,0.0439453087747097,,0,25.5
692,893.74493087931592,866,0.0878906175494194,,,,0.0439453087747097,0.1318359300494194,0,25.625
693,893.74493087931592,866,,,0.21972654759883881,0.17578123882412911,,0.1318359300494194,0,25.625
694,893.74493087931592,866,,,,,,,0,25.875
695,893.74493087931592,866,,0.0439453087747097,,0.17578123882412911,0.0439453087747097,,0,26.25
696,893.74493087931592,866,0.0878906175494194,,,,0.0439453087747097,0.1318359300494194,0,26.375
697,893.74493087931592,866,,,0.21972654759883881,0.17578123882412911,,0.1318359300494194,0,26.375
698,893.74493087931592,866,,,,,,,0,26.375
699,893.74493087931592,866,,0.0439453087747097,,0.17578123882412911,0.0439453087747097,,0,26.5
700,893.74493087931592,866,0.0878906175494194,,,,0.0439453087747097,0.1318359300494194,1.625,26.5
701,893.74493087931592,866,,,0.21972654759883881,0.17578123882412911,,0.1318359300494194,0,26.625
702,893.74493087931592,866,,,,,,,0,26.625
703,892.74493087931592,865,,0.0439453087747097,,0.17578123882412911,0.0439453087747097,,0,26.625
704,893.74493087931592,866,0.0878906175494194,,,,0.0439453087747097,0.1318359300494194,0,26.5
705,892.74493087931592,865,,,0.21972654759883881,0.17578123882412911,,0.1318359300494194,0,26.5
706,893.74493087931592,866,,,,,,,0,26.375
707,893.74493087931592,866,,0.0439453087747097,,0.17578123882412911,0.0439453087747097,,0,26.375
708,893.74493087931592,866,0.0878906175494194,,,,0.0439453087747097,0.1318359300494194,0,26.375
709,893.74493087931592,866,,,0.21972654759883881,0.17578123882412911,,0.1318359300494194,0,26.375
710,893.74493087931592,866,,,,,,,0,26.5
711,893.74493087931592,866,,0.0439453087747097,,0.17578123882412911,0.0439453087747097,,0,26.5
712,893.74493087931592,866,0.0878906175494194,,,,0.0439453087747097,0.1318359300494194,0,26.5
713,893.74493087931592,866,,,0.21972654759883881,0.17578123882412911,,0.1318359300494194,0,26.5
714,893.74493087931592,866,,,,,,,0,26.5
715,893.74493087931592,866,,0.0439453087747097,,0.17578123882412911,0.0439453087747097,,0,26.5
716,893.74493087931592,866,0.0878906175494194,,,,0.0439453087747097,0.1318359300494194,0,26.5
717,893.74493087931592,866,,,0.21972654759883881,0.17578123882412911,,0.1318359300494194,0,26.5
718,893.74493087931592,866,,,,,,,0,26.375
719,893.74493087931592,866,,0.0439453087747097,,0.17578123882412911,0.0439453087747097,,0,26.375
720,893.74493087931592,866,0.0878906175494194,,,,0.0439453087747097,0.1318359300494194,0,26.375
721,892.74493087931592,865,,,0.21972654759883881,0.17578123882412911,,0.1318359300494194,0.25,26.375
722,893.74493087931592,866,,,,,,,0,26.375
723,893.74493087931592,866,,0.0439453087747097,,0.17578123882412911,0.0439453087747097,,0,26.375
724,893.74493087931592,866,0.0878906175494194,,,,0.0439453087747097,0.1318359300494194,0,26.375
725,893.74493087931592,866,,,0.21972654759883881,0.17578123882412911,,0.1318359300494194,0,26.375
726,893.74493087931592,866,,,,,,,0,26.375
727,893.74493087931592,866,,0.0439453087747097,,0.17578123882412911,0.0439453087747097,,0,26.375
728,893.74493087931592,866,0.0878906175494194,,,,0.0439453087747097,0.1318359300494194,0,26.375
729,893.74493087931592,866,,,0.21972654759883881,0.17578123882412911,,0.1318359300494194,0,26.375
730,893.74493087931592,866,,,,,,,0,26.375
731,893.74493087931592,866,,0.0439453087747097,,0.17578123882412911,0.0439453087747097,,0,26.375
732,892.74493087931592,865,0.0878906175494194,,,,0.0439453087747097,0.1318359300494194,0,26.25
733,892.74493087931592,865,,,0.21972654759883881,0.17578123882412911,,0.1318359300494194,0,26.25
734,893.74493087931592,866,,,,,,,0,26.25
735,893.74493087931592,866,,0.0439453087747097,,0.17578123882412911,0.0439453087747097,,0,26.25
736,893.74493087931592,866,0.0878906175494194,,,,0.0439453087747097,0.1318359300494194,0,26.25
737,893.74493087931592,866,,,0.21972654759883881,0.17578123882412911,,0.1318359300494194,0,26.25
738,893.74493087931592,866,,,,,,,0,26.25
739,892.74493087931592,865,,0.0439453087747097,,0.17578123882412911,0.0439453087747097,,0,26.25
740,893.74493087931592,866,0.0878906175494194,,,,0.0439453087747097,0.1318359300494194,0,26.25
741,892.74493087931592,865,,,0.21972654759883881,0.17578123882412911,,0.1318359300494194,0,26.125
742,892.74493087931592,865,,,,,,,0,25.75
743,893.74493087931592,866,,0.0439453087747097,,0.17578123882412911,0.0439453087747097,,0,25.625
744,893.74493087931592,866,0.0878906175494194,,,,0.0439453087747097,0.1318359300494194,0,25.625
745,893.74493087931592,866,,,0.21972654759883881,0.17578123882412911,,0.1318359300494194,0,25.5
746,893.74493087931592,866,,,,,,,0,25.5
747,893.74493087931592,866,,0.0439453087747097,,0.17578123882412911,0.0439453087747097,,0,25.5
748,893.74493087931592,866,0.0878906175494194,,,,0.0439453087747097,0.1318359300494194,0,25.5
749,893.74493087931592,866,,,0.21972654759883881,0.17578123882412911,,0.1318359300494194,0,25.5
750,893.74493087931592,866,,,,,,,0,25.5
751,892.74493087931592,865,,0.0439453087747097,,0.17578123882412911,0.0439453087747097,,0,24.5
752,893.74493087931592,866,0.0878906175494194,,,,0.0439453087747097,0.1318359300494194,0,21.875
753,893.74493087931592,866,,,0.21972654759883881,0.17578123882412911,,0.1318359300494194,0,19.375
754,893.74493087931592,866,,,,,,,0,17.125
755,893.74493087931592,866,,0.0439453087747097,,0.17578123882412911,0.0439453087747097,,0,15.375
756,893.74493087931592,866,0.0878906175494194,,,,0.0439453087747097,0.1318359300494194,0,14
757,893.74493087931592,866,,,0.21972654759883881,0.17578123882412911,,0.1318359300494194,0,12.75
758,893.74493087931592,866,,,,,,,0,11.75
759,893.74493087931592,866,,0.0439453087747097,,0.17578123882412911,0.0439453087747097,,0,11
760,893.74493087931592,866,0.0878906175494194,,,,0.0439453087747097,0.1318359300494194,0,10.25
761,893.74493087931592,866,,,0.21972654759883881,0.17578123882412911,,0.1318359300494194,0,9.625
762,893.74493087931592,866,,,,,,,0,9.125
763,893.74493087931592,866,,0.0439453087747097,,0.17578123882412911,0.0439453087747097,,0,8.625
764,893.74493087931592,866,0.0878906175494194,,,,0.0439453087747097,0.1318359300494194,0,8.25
765,893.74493087931592,866,,,0.21972654759883881,0.17578123882412911,,0.1318359300494194,0,7.75
766,893.74493087931592,866,,,,,,,0,7.5
767,893.74493087931592,866,,0.0439453087747097,,0.17578123882412911,0.0439453087747097,,0,7.125
768,892.74493087931592,865,0.0878906175494194,,,,0.0439453087747097,0.1318359300494194,0,6.75
769,893.74493087931592,866,,,0.21972654759883881,0.17578123882412911,,0.1318359300494194,0,6.5
770,894.74493087931592,867,,,,,,,0,6.25
771,893.74493087931592,866,,0.0439453087747097,,0.17578123882412911,0.0439453087747097,,0,6
772,892.74493087931592,865,0.0878906175494194,,,,0.0439453087747097,0.1318359300494194,0,5.75
773,893.74493087931592,866,,,0.21972654759883881,0.17578123882412911,,0.1318359300494194,0,5.5
774,893.74493087931592,866,,,,,,,0,5.375
775,893.74493087931592,866,,0.0439453087747097,,0.17578123882412911,0.0439453087747097,,0,5.375
776,893.74493087931592,866,0.0878906175494194,,,,0.0439453087747097,0.1318359300494194,0,5.375
777,1087.7449308793159,1060,,,0.21972654759883881,0.17578123882412911,,0.1318359300494194,0,0
778,1087.7449308793159,1060,,,,,,,0,0
779,1087.7449308793159,1060,,0.0439453087747097,,0.17578123882412911,0.0439453087747097,,0,0
780,1087.7449308793159,,,,,,,,,
